ID,キーワード,エリア,デバイス,広告タイトル,URL,文章,検索回数
0,営業代行,北海道,mac_chrome,【完全成果報酬型】の営業代行 - 全国No.1の実績2200社／全...,https://www.islandbrain.co.jp/eigyo-agency/,"営業代行は『結果』が全て／成功実績2200社／余計なコスト無しの【完全成果報酬型】 効果的な営業戦術を提案・55業種・2200社の導入実績・66,000件以上の提供実績・全国対応可能・サービス: 営業代行, 営業コンサルティング, テレアポ代行。",1
1,営業代行,北海道,mac_chrome,業界問わず対応できる営業代行 - 営業代行なら“Seiyaku”,https://willof.jp/lp/seiyaku02/?utm_source=google&utm_medium=cpc&utm_campaign=seiyaku_general&utm_term=%7Bkeyword%7D,ウィルオブは戦略的に新規獲得・顧客育成・成約まで企業さまのニーズに合わせて営業活動を代行。人材総合会社で多種多様な実績を誇る弊社の営業マンが業界問わず営業成果向上を実現します。圧倒的な採用力・エリア拡大スピード対応・業界問わず対応。,1
2,営業代行,北海道,mac_chrome,平均アポ獲得単価12000円 - フォーム営業を自動代行,https://www.google.co.jp/aclk?sa=l&ai=DChcSEwjL65Ldw6LuAhXJZIsKHSSlD90YABAFGgJ0bQ&ae=2&sig=AOD64_3kDR2FOiog36BBDvp3Hcgc-Ndfjw&adurl=&q=,商談を獲得したくても営業リストも人員もない、そんなお悩みを一気に解決。 AI営業マンにおまかせで問い合わせフォームに自動営業/営業リソースもリストも不要です。,1
3,営業代行,北海道,mac_chrome,【完全成果報酬】営業代行/apoli - 最小の工数で良質な商談をお...,https://ripuca.co.jp/apoli1/,【初期費用0円から始める営業代行】営業リスト作成・営業メール送信・分析まで全てお任せ,1
4,営業代行,北海道,mac_chrome,1万円で100社営業代行致します。 - フルコミッション以上の...,https://kaitak-sales.com/,最短5日で営業開始！顧客開拓をこれまでになく簡単に実現。アタックリスト・文面もご提案。 営業チームの負担軽減に。思い立ったその日にスタートできる料金プランをご用意しました。 フォーム営業・インサイドセールス・顧客開拓・営業代行・新規事業立ち上げ。,1
5,営業代行,北海道,mac_chrome,新規開拓は「GeAIne」に丸投げOK - 効果的な営業...,https://the.geaine2.jp/,企業の問い合わせ営業を自動化し受注確度の高いをアポを獲得/新規開拓業務をAIが営業代行。 アポを獲得したくても営業マンも営業リストもない、そんなお悩みを解決。 AI×営業で売上アップ・テレアポよりも効率的・問合せフォームに自動入力。,1
6,営業代行,北海道,mac_chrome,最強の営業代行・販売パートナー - 大手からベンチャーまで支援,https://sb-fanvest.squadbeyond.com/ab/hVWOOjdPdnwXJYhUZoA,弊社の常勝セールス部隊が営業の全てを代行いたします。今なら【常勝仕組み読本】無料プレゼント。全国7000名の営業マンを抱え、10年以上新規開拓を行ってきた実績。営業の質・量ともに自信あり。,1
7,営業代行,北海道,mac_firefox,【完全成果報酬】営業代行/apoli - 最小の工数で良質な商談をお...,https://ripuca.co.jp/apoli1/,【初期費用0円から始める営業代行】営業リスト作成・営業メール送信・分析まで全てお任せ。お問い合わせフォーム営業という新スタイルで、非効率なアポ獲得を刷新しませんか。月間アポ獲得件数／25.6件・営業コスト削減・決裁者アポ率／平均50% 初期費用0円。,1
8,営業代行,北海道,mac_firefox,営業活動の成約率を向上するなら - 営業代行”Seiyaku”,https://willof.jp/lp/seiyaku02/?utm_source=google&utm_medium=cpc&utm_campaign=seiyaku_general&utm_term=%7Bkeyword%7D,"""seiyaku""は戦略的に新規獲得・顧客育成・成約まで企業さまのニーズに合わせて営業活動を代行。人材総合会社で多種多様な実績を誇る弊社の営業マンが業界問わず営業成果向上を実現します。エリア拡大スピード対応・圧倒的な採用力・業界問わず対応。",1
9,営業代行,北海道,mac_firefox,【完全成果報酬型】の営業代行 - 全国No.1の実績2200社／全...,https://www.islandbrain.co.jp/eigyo-agency/,営業代行は『結果』が全て／成功実績2200社／余計なコスト無しの【完全成果報酬型】,1
10,営業代行,北海道,mac_firefox,1万円で100社営業代行致します。 - フルコミッション以上の...,https://kaitak-sales.com/,最短5日で営業開始！顧客開拓をこれまでになく簡単に実現。アタックリスト・文面もご提案。,1
11,営業代行,北海道,mac_firefox,平均アポ獲得単価12000円 - フォーム営業を自動代行,https://www.google.co.jp/aclk?sa=l&ai=DChcSEwj3rL3ew6LuAhVQTmAKHXkwAxsYABAGGgJ0bQ&sig=AOD64_3FN4jw7GhqmegVNQMHm9pioytmYg&adurl=&q=,商談を獲得したくても営業リストも人員もない、そんなお悩みを一気に解決。 AI営業マンにおまかせで問い合わせフォームに自動営業/営業リソースもリストも不要です。導入料金最大75%OFF・簡単操作ラクラク使える・無料でお試し可能・即日導入可能。,1
12,営業代行,北海道,mac_firefox,テレアポはもうやめませんか？ - 営業支援ツール【APOLLO...,https://apollosales.co/lp12_google/,【500社の導入実績】運用代行も可能・誰でも使いやすい画面操作・待ってるだけでアポが取れる。初めての導入も手厚くサポート。他ツールを活かしきれなかった方こそ継続的な営業システム改善へ。問い合わせフォーム営業・テレアポ効率化の秘訣。,1
13,営業代行,北海道,mac_firefox,最強の営業代行・販売パートナー - 大手からベンチャーまで支援,https://sb-fanvest.squadbeyond.com/ab/hVWOOjdPdnwXJYhUZoA,弊社の常勝セールス部隊が営業の全てを代行いたします。今なら【常勝仕組み読本】無料プレゼント。全国7000名の営業マンを抱え、10年以上新規開拓を行ってきた実績。営業の質・量ともに自信あり。,1
14,営業代行,北海道,iphonex_safari,初期費用0円から始めるアポ代行 - 【公式】apoli/営業代行サービス,https://ripuca.co.jp/apoli1/,"【平均アポ件数25.6件/月】営業リスト作成・営業メール送信・分析まで全てAIにお任せ。""お問い合わせフォーム営業""という新スタイルで、非効率なアポ獲得を刷新しませんか。無料収益シミュレーション・決裁者アポ率／平均50% 初期費用0円・アポ獲得単価／5000円から・問い合わせフォーム営業・分析サポート・営業コスト削減・無料診断受付中・月間アポ獲得件数／25.6件・サービス: 営業リスト作成, データ分析, アポ獲得代行, お問い合わせフォーム営業, 独自のPDCA, AI学習。",1
15,営業代行,大阪,iphonex_safari,初期費用0円から始めるアポ代行 - 【公式】apoli/営業代行サービス,https://ripuca.co.jp/apoli1/,"【平均アポ件数25.6件/月】営業リスト作成・営業メール送信・分析まで全てAIにお任せ。""お問い合わせフォーム営業""という新スタイルで、非効率なアポ獲得を刷新しませんか。分析サポート・無料診断受付中・営業コスト削減・アポ獲得単価／5000円から・月間アポ獲得件数／25.6件・決裁者アポ率／平均50% 問い合わせフォーム営業・無料収益シミュレーション・初期費用0円・サービス: 営業リスト作成, データ分析, アポ獲得代行, お問い合わせフォーム営業, 独自のPDCA, AI学習。",1
16,営業代行,大阪,mac_chrome,営業活動の成約率を向上するなら - 営業代行”Seiyaku” - willof.jp,https://willof.jp/lp/seiyaku02/?utm_source=google&utm_medium=cpc&utm_campaign=seiyaku_general&utm_term=%7Bkeyword%7D,"""seiyaku""は戦略的に新規獲得・顧客育成・成約まで企業さまのニーズに合わせて営業活動を代行",1
17,営業代行,大阪,mac_chrome,【完全成果報酬型】の営業代行 - 全国No.1の実績2200社／全...,https://www.islandbrain.co.jp/eigyo-agency/,営業代行は『結果』が全て／成功実績2200社／余計なコスト無しの【完全成果報酬型】,1
18,営業代行,大阪,mac_chrome,平均アポ獲得単価12000円 - フォーム営業を自動代行,https://www.google.co.jp/aclk?sa=l&ai=DChcSEwjM4eLgw6LuAhVMBWAKHbzJCAkYABAPGgJ0bQ&ae=2&sig=AOD64_3u7Q_sJaJZpnvvYcjrdQ4cJDkuxg&adurl=&q=,商談を獲得したくても営業リストも人員もない、そんなお悩みを一気に解決。,1
19,営業代行,大阪,mac_chrome,1万円で100社営業代行致します。 - フルコミッション以上の...,https://kaitak-sales.com/,最短5日で営業開始！顧客開拓をこれまでになく簡単に実現。アタックリスト・文面もご提案。,1
20,営業代行,大阪,mac_firefox,営業代行”Seiyaku” - 営業代行なら“Seiyaku”,https://willof.jp/lp/seiyaku/,ウィルオブは戦略的に新規獲得・顧客育成・成約まで企業さまのニーズに合わせて営業活動を代行。独自の調査分析からターゲットの選定、リスト作成から商談までニーズに合わせて対応いたします。ニーズに合わせた営業活動・業界問わず対応・圧倒的な採用力。,1
21,営業代行,大阪,mac_chrome,初期費用0円から始めるアポ代行 - 【公式】apoli/営業代行...,https://ripuca.co.jp/apoli1/,【平均アポ件数25.6件/月】営業リスト作成・営業メール送信・分析まで全てAIにお任せ,1
22,営業代行,大阪,mac_chrome,新規開拓は「GeAIne」に丸投げOK - 効果的な営業...,https://the.geaine2.jp/,企業の問い合わせ営業を自動化し受注確度の高いをアポを獲得/新規開拓業務をAIが営業代行。 アポを獲得したくても営業マンも営業リストもない、そんなお悩みを解決。 AI×営業で売上アップ・業種/規模問わずご利用可能・問合せフォームに自動入力。,1
23,営業代行,大阪,mac_chrome,‪営業代行を探す手間が省ける - 月最大《10万円》で広告掲載可能,https://b-seeds.com/contact,「代理店募集」で一位に表示！基本料金0円の成果報酬だから掲載しない理由がない。 販路拡大、新規開拓など自社商品の売上アップの実績多数あり。 資料請求平均20～30件・業界最速・代理店構築の実績多数・販売エリア拡大・最大10万円で募集。,1
24,営業代行,大阪,mac_firefox,【完全成果報酬型】の営業代行 - 全国No.1の実績2200社／全...,https://www.islandbrain.co.jp/eigyo-agency/,"営業代行は『結果』が全て／成功実績2200社／余計なコスト無しの【完全成果報酬型】 55業種・2200社の導入実績・全国対応可能・66,000件以上の提供実績。",1
25,営業代行,大阪,mac_firefox,【完全成果報酬】営業代行/apoli - 最小の工数で良質な商談をお...,https://ripuca.co.jp/apoli1/,【初期費用0円から始める営業代行】営業リスト作成・営業メール送信・分析まで全てお任せ,1
26,営業代行,大阪,mac_firefox,営業リスト不要でアポ獲得 - 【BtoB特化】商談アポ獲得,https://www.google.co.jp/aclk?sa=l&ai=DChcSEwiC6Zzhw6LuAhVSBWAKHbTmAkMYABAGGgJ0bQ&sig=AOD64_1_AQdowLiah_fIfJUdLpboMVFVbA&adurl=&q=,成果の上がらないテレアポ・飛び込みに時間を使うより、ずっと効率的にリードを獲得可能です。,1
27,営業代行,大阪,mac_firefox,新規開拓は「GeAIne」に丸投げOK - 効果的な営業...,https://the.geaine2.jp/,企業の問い合わせ営業を自動化し受注確度の高いをアポを獲得/新規開拓業務をAIが営業代行。 アポを獲得したくても営業マンも営業リストもない、そんなお悩みを解決。 問合せフォームに自動入力・トライアルプランあり・新規開拓の負担を軽減・営業リストの作成。,1
28,営業代行,大阪,mac_firefox,1万円で100社営業代行致します。 - フルコミッション以上の...,https://kaitak-sales.com/,最短5日で営業開始！顧客開拓をこれまでになく簡単に実現。アタックリスト・文面もご提案。 営業チームの負担軽減に。思い立ったその日にスタートできる料金プランをご用意しました。 新規顧客獲得・アポ獲得・新規事業立ち上げ・インサイドセールス・顧客開拓。,1
29,営業代行,大阪,mac_firefox,‪営業代行を探す手間が省ける - 月最大《10万円》で広告掲載可能,https://b-seeds.com/contact,「代理店募集」で一位に表示！基本料金0円の成果報酬だから掲載しない理由がない。 販路拡大、新規開拓など自社商品の売上アップの実績多数あり。 代理店構築の実績多数・販売エリア拡大・初期費用無料・成果報酬型・資料請求1件5000円・業界最多の情報。,1
30,営業代行,東京,mac_chrome,【完全成果報酬型】の営業代行 - 全国No.1の実績2200社／全...,https://www.islandbrain.co.jp/eigyo-agency/,"営業代行は『結果』が全て／成功実績2200社／余計なコスト無しの【完全成果報酬型】 66,000件以上の提供実績・55業種・2200社の導入実績・全国対応可能・効果的な営業戦術を提案・サービス: 営業代行, 営業コンサルティング, テレアポ代行。",1
31,営業代行,東京,mac_chrome,平均アポ獲得単価12000円 - フォーム営業を自動代行,https://www.google.co.jp/aclk?sa=l&ai=DChcSEwi45PTiw6LuAhUN3EwCHRheC8sYABAHGgJ0bQ&ae=2&sig=AOD64_2qROUVcauKA3Bb4EBnx-TUqbtvAw&adurl=&q=,商談を獲得したくても営業リストも人員もない、そんなお悩みを一気に解決。 AI営業マンにおまかせで問い合わせフォームに自動営業/営業リソースもリストも不要です。,1
32,営業代行,東京,mac_chrome,営業活動の成約率を向上するなら - 営業代行”Seiyaku”,https://willof.jp/lp/seiyaku/,"""seiyaku""は戦略的に新規獲得・顧客育成・成約まで企業さまのニーズに合わせて営業活動を代行",1
33,営業代行,東京,mac_chrome,【完全成果報酬】営業代行/apoli - 最小の工数で良質な商談をお...,https://ripuca.co.jp/apoli1/,【初期費用0円から始める営業代行】営業リスト作成・営業メール送信・分析まで全てお任せ,1
34,営業代行,東京,mac_chrome,1万円で100社営業代行致します。 - BtoBフォーム営業なら...,https://kaitak-sales.com/,最短5日で営業開始！顧客開拓をこれまでになく簡単に実現。アタックリスト・文面もご提案。 営業チームの負担軽減に。思い立ったその日にスタートできる料金プランをご用意しました。 新規事業立ち上げ・フォーム営業・インサイドセールス・新規顧客獲得。,1
35,営業代行,東京,mac_chrome,‪営業代行を探す手間が省ける - 月最大《10万円》で広告掲載可能,https://b-seeds.com/contact,「代理店募集」で一位に表示！基本料金0円の成果報酬だから掲載しない理由がない。 販路拡大、新規開拓など自社商品の売上アップの実績多数あり。 資料請求平均20～30件・初期費用無料・最大10万円で募集・資料請求1件5000円・お手軽に代理店を募集可能。,1
36,営業代行,東京,mac_chrome,新規開拓は「GeAIne」に丸投げOK - 効果的な営業...,https://the.geaine2.jp/,企業の問い合わせ営業を自動化し受注確度の高いをアポを獲得/新規開拓業務をAIが営業代行。 アポを獲得したくても営業マンも営業リストもない、そんなお悩みを解決。 テレアポよりも効率的・新規訪問数・商談数を増加・AI×営業で売上アップ。,1
37,営業代行,東京,mac_firefox,営業活動の成約率を向上するなら - 営業代行”Seiyaku”,https://willof.jp/lp/seiyaku/,"""seiyaku""は戦略的に新規獲得・顧客育成・成約まで企業さまのニーズに合わせて営業活動を代行",1
38,営業代行,東京,mac_firefox,【完全成果報酬】営業代行/apoli - 最小の工数で良質な商談をお...,https://ripuca.co.jp/apoli1/,【初期費用0円から始める営業代行】営業リスト作成・営業メール送信・分析まで全てお任せ,1
39,営業代行,東京,mac_firefox,御社の営業代行いたします - 株式会社アイランド・ブレイン,https://www.islandbrain.co.jp/eigyo-agency/,業界を知り尽くした専門チームが新規開拓を代行。成果報酬型の料金体系。 全国対応可能。,1
40,営業代行,東京,mac_firefox,効果的な営業アウトソーシング - 新規開拓は「GeAIne」に丸...,https://the.geaine2.jp/,企業の問い合わせ営業を自動化し受注確度の高いをアポを獲得/新規開拓業務をAIが営業代行。,1
41,営業代行,東京,mac_firefox,平均アポ獲得単価12000円 - フォーム営業を自動代行,https://www.google.co.jp/aclk?sa=l&ai=DChcSEwim6NPjw6LuAhUSBGAKHauUC28YABAGGgJ0bQ&sig=AOD64_29s9baGFC1WdNGXe3IbMZuvzisdw&adurl=&q=,商談を獲得したくても営業リストも人員もない、そんなお悩みを一気に解決。 AI営業マンにおまかせで問い合わせフォームに自動営業/営業リソースもリストも不要です。無料でお試し可能・導入料金最大75%OFF・即日導入可能・簡単操作ラクラク使える。,1
42,営業代行,東京,mac_firefox,1万円で100社営業代行致します。 - BtoBフォーム営業なら...,https://kaitak-sales.com/,最短5日で営業開始！顧客開拓をこれまでになく簡単に実現。アタックリスト・文面もご提案。 営業チームの負担軽減に。思い立ったその日にスタートできる料金プランをご用意しました。 アポ獲得・インサイドセールス・フォーム営業・テレワーク時代に・顧客開拓。,1
43,営業代行,東京,mac_firefox,‪営業代行を探す手間が省ける - 月最大《10万円》で広告掲載可能,https://b-seeds.com/contact,「代理店募集」で一位に表示！基本料金0円の成果報酬だから掲載しない理由がない。 販路拡大、新規開拓など自社商品の売上アップの実績多数あり。 最大10万円で募集・販売エリア拡大・成果報酬型・代理店構築の実績多数・初期費用無料・資料請求平均20～30件。,1
44,営業代行,東京,iphonex_safari,営業代行 - アポ代行,https://formap.naisyoku-ichiba.co.jp/,"キーマンとつながる可能性が高い効果的なアプローチ手法。人手を増やさずに営業効率を上げられる。サービス: 非定型のデータ入力代行, 名刺データ入力代行, 問合せフォーム問合せ代行。",1
45,MEO,北海道,iphonex_safari,【MEO】コスパ最強の集客法 - 手厚い対策で上位表示にコミット - 費用対効果に特化したMEO対策,https://www.dia-neo.com/meo/lp/,"プロによる店舗撮影・記事投稿代行など、サービスが手厚い！口コミが増える秘訣もアドバイス。 店舗の集客に圧倒的効果を発揮、今すぐ客を取り込める！始めるなら競合の少ない今がチャンス。 追加料金一切なし・即日対応・取り扱い案件数800社以上・上位表示化率87%超・12キーワード対策可能・プロの店舗写真撮影付き・来店数が最大10倍に・キーワード診断無料・口コミ評価もアップ・サービス: Googleマップ上位表示, MEO対策, 成果報酬, 上位3位以内, 写真撮影, 記事投稿。",1
46,営業代行,東京,iphonex_safari,初期費用0円から始めるアポ代行 - 【公式】apoli/営業代行サービス,https://ripuca.co.jp/apoli1/,"【平均アポ件数25.6件/月】営業リスト作成・営業メール送信・分析まで全てAIにお任せ。""お問い合わせフォーム営業""という新スタイルで、非効率なアポ獲得を刷新しませんか。アポ獲得単価／5000円から・初期費用0円・営業コスト削減・無料収益シミュレーション・月間アポ獲得件数／25.6件・無料診断受付中・分析サポート・決裁者アポ率／平均50% 問い合わせフォーム営業・サービス: 営業リスト作成, データ分析, アポ獲得代行, お問い合わせフォーム営業, 独自のPDCA, AI学習。",1
47,MEO,北海道,iphonex_safari,MEO対策で商圏一人勝ちの決定版 - 2ヶ月間 完全無料キャンペーン中 - 毎月先約20店舗の限定価格,https://www.cooboo.co.jp/special/meo/,"業界最安の成果報酬！700円/日割と初期0円で豊富な料金体系。選ばれ続けてサービス開始9年目。 まずはMEOの費用対効果をトライアル！ 9年目の信頼と実績・初期費用や保証料等なし・累積実績3,500店舗超・期間限定キャンペーン開催・日割成果700円と月額プラン・サービス: MEO成果プラン, MEO月額プラン, プレミアムプラン, コンプリートプラン。",1
48,MEO,北海道,iphonex_safari,MEO対策はこれ一つで決まり - 上位表示の為の徹底対策ツール - 【MAP職人】今なら2週間無料,https://freesquare.co.jp/map-lp/,"MAP職人は【誰でもMEO対策を可能に】を実現したツールです。今なら2週間無料でお試し。施策実績3,000件以上、上位表示率90.3％のノウハウを公開、MEO対策をインハウス化できる。マイビジネス上位化ツール・2週間の無料トライアル・代理店希望OK・上位表示率90.3％ 25ポイントの広域順位計測・良質な口コミ促進・自店舗・競合の順位計測・3,000店以上の対策実績・コース: 順位計測プラン, 口コミ促進プラン, MAP職人プラン, Proプラン。",1
49,営業代行,東京,iphonex_safari,アイランド・ブレイン - 営業代行サービス,https://www.islandbrain.co.jp/eigyo-agency/,"BtoB専門、アポイント獲得に特化することで、新規契約の安定的な確保を支援します。 55業種・2200社の導入実績・66,000件以上の提供実績・効果的な営業戦術を提案・全国対応可能・サービス: 営業代行, 営業コンサルティング, テレアポ代行。",1
50,MEO,北海道,iphonex_safari,MEOなら - MEOで集客強化しませんか？ - laden.jp,https://laden.jp/,"マップ上であなたのお店を”選ばれる”お店に。実店舗の集客はSNSで効率的に拡大。 検索結果一覧において、表示順位を上げるための施策を実施します。 企業リスト構築・見込み客リスト構築・テレアポリスト構築・データベース構築・競合の価格調査・SNS用の画像収集・検索順位の監視・スタイル: インターネット, ビックデータ, セールス。",1
51,MEO,北海道,iphonex_safari,MEO対策《上位表示率93%》 - 上位表示されるまで0円にて対策 - スマホ特化サービス,https://gluma.pro/lp/,"MEO対策で地元密着サービス。 お得なキャンペーン実施中。 完全成果報酬プランもあり。 MEO対策実績数が3,500店舗以上のGluma。店舗集客サービスを検討されているオーナー様必見です。 MEOサービス・店舗ビジネス・最安価・GoogleMAP対策・MEO対策・Googleマップ上位表示・地域密着サービス・日本全国対応可能・サービス: 成果報酬, 固定費プラン6ヶ月, 固定費プラン12ヶ月。",1
52,MEO,北海道,mac_chrome,MEO対策はこれ一つで決まり - 上位表示の為の徹底対策ツール,https://freesquare.co.jp/map-lp/,MAP職人は【誰でもMEO対策を可能に】を実現したツールです。今なら2週間無料でお試し,1
53,MEO,北海道,mac_chrome,効果的なMEO対策・ローカルSEO - GMB・マップと...,https://www.yext.co.jp/meo-listings/,世界150以上の検索エンジンやマップ、SNSと連携し、企業の正しい情報発信を可能にする。,1
54,MEO,北海道,mac_chrome,MEO対策で商圏一人勝ちの決定版 - 2ヶ月間 完全無料...,https://www.cooboo.co.jp/special/meo/,業界最安の成果報酬！700円/日割と初期0円で豊富な料金体系。選ばれ続けてサービス開始9年目。,1
55,MEO,北海道,mac_chrome,Googleマップ対策で集客力強化 - 上位化されるまで月額0円,https://meo-college.com/lp/,"スマホのお客様にアピール！3,000社以上の上位化実績/完全成果報酬型/全国対応/早いもの勝ち！",1
56,MEO,北海道,mac_chrome,"【MEO対策】月額1,980円から - 500店舗限定＜初期費用0円＞",https://www.google.co.jp/aclk?sa=l&ai=DChcSEwilxvnlw6LuAhVUQ2AKHRmwDYoYABADGgJ0bQ&ae=2&sig=AOD64_0sOZ6rg5ChEghcogEErQyF2wGXVg&adurl=&q=,"店舗集客で話題のMEO対策、今始めないと損？費用対効果が高い集客資産を1,980円から構築します！",1
57,MEO,北海道,mac_firefox,新規集客はGoogleマップで - 検索結果《3位以内》を狙う,https://www.dia-neo.com/meo/lp/,新規集客に悩むなら、まずはGoogleマップの対策から始めましょう。 成果報酬のため、検索で3位以内に入らない場合は費用はかかりません。 12キーワード対策可能・即日対応・キーワード診断無料・取り扱い案件数800社以上・口コミ評価もアップ。,1
58,MEO,北海道,mac_firefox,MEO対策で商圏一人勝ちの決定版 - 2ヶ月間 完全無料...,https://www.cooboo.co.jp/special/meo/,業界最安の成果報酬！700円/日割と初期0円で豊富な料金体系。選ばれ続けてサービス開始9年目。,1
59,MEO,北海道,mac_firefox,効果的なMEO対策・ローカルSEO - GMB・マップと...,https://www.yext.co.jp/meo-listings/,世界150以上の検索エンジンやマップ、SNSと連携し、企業の正しい情報発信を可能にする。,1
60,MEO,北海道,mac_firefox,Googleマップ対策で集客力強化 - 上位化されるまで月額0円,https://meo-college.com/lp/,"スマホのお客様にアピール！3,000社以上の上位化実績/完全成果報酬型/全国対応/早いもの勝ち！",1
61,MEO,北海道,mac_firefox,MEO対策の販売パートナー大募集 - 月ストック収益500万円超...,https://exkey.jp/meo/partner/,高粗利＆ストック収益で安定経営を実現！信頼性の高いサービスなので受注率が高いサービスです。,1
62,MEO,北海道,mac_firefox,MEO対策はこれ一つで決まり - 上位表示の為の徹底対策ツール,https://freesquare.co.jp/map-lp/,"MAP職人は【誰でもMEO対策を可能に】を実現したツールです。今なら2週間無料でお試し。施策実績3,000件以上、上位表示率90.3％のノウハウを公開、MEO対策をインハウス化できる。3,000店以上の対策実績・良質な口コミ促進・2週間の無料トライアル。",1
63,MEO,北海道,mac_firefox,【歯科特化】新患増加のMEO対策 - 最短10日で新患増...,https://umy-game.com/meoup/,黒飛先生推奨のMEO対策。医療従事者が対応するから運用が簡単。医療ガイドラインに掛かりにくい,1
64,MEO,大阪,mac_firefox,MEO対策で商圏一人勝ちの決定版 - 2ヶ月間 完全無料...,https://www.cooboo.co.jp/special/meo/,業界最安の成果報酬！700円/日割と初期0円で豊富な料金体系。選ばれ続けてサービス開始9年目。 まずはMEOの費用対効果をトライアル！ 期間限定キャンペーン開催・日割成果700円と月額プラン・初期費用や保証料等なし・9年目の信頼と実績。,1
65,MEO,大阪,mac_chrome,【MEO対策】で新規来店数激増 - 成果が出るまで費用０円,https://gleaner-meo.com/,"【MEO対策】で、マップに表示！人気店になる集客方法／完全成果報酬型で契約期間なし。マップ表示でスマホユーザーの来店率急上昇！初期費用なしでエリアNO.1の集客力を。サービス: WEB集客, MEO対策, 新規集客。",1
66,MEO,大阪,mac_chrome,MEO対策で商圏一人勝ちの決定版 - 2ヶ月間 完全無料...,https://www.cooboo.co.jp/special/meo/,"業界最安の成果報酬！700円/日割と初期0円で豊富な料金体系。選ばれ続けてサービス開始9年目。 まずはMEOの費用対効果をトライアル！ 日割成果700円と月額プラン・期間限定キャンペーン開催・累積実績3,500店舗超・9年目の信頼と実績。",1
67,MEO,大阪,mac_firefox,効果的なMEO対策・ローカルSEO - GMB・マップと...,https://www.yext.co.jp/meo-listings/,世界150以上の検索エンジンやマップ、SNSと連携し、企業の正しい情報発信を可能にする。 イエクストの検索クラウドサービスで店舗集客を強化。GMB連携で情報更新が簡単！ 音声検索の最適化・VSO・口コミ一元管理・構造化データの実装・MEO対策。,1
68,MEO,大阪,iphonex_safari,【MEO】コスパ最強の集客法 - 上位表示化率87％超,https://www.dia-neo.com/meo/lp/,"プロによる店舗撮影・記事投稿代行など、サービスが手厚い！口コミが増える秘訣もアドバイス。 店舗の集客に圧倒的効果を発揮、今すぐ客を取り込める！始めるなら競合の少ない今がチャンス。 追加料金一切なし・プロの店舗写真撮影付き・口コミ評価もアップ・取り扱い案件数800社以上・上位表示化率87%超・即日対応・来店数が最大10倍に・12キーワード対策可能・キーワード診断無料・サービス: Googleマップ上位表示, MEO対策, 成果報酬, 上位3位以内, 写真撮影, 記事投稿。",1
69,MEO,大阪,mac_firefox,【MEO】コスパ最強の集客法 - 費用対効果に特化したMEO対策,https://www.dia-neo.com/meo/lp/,プロによる店舗撮影・記事投稿代行など、サービスが手厚い！口コミが増える秘訣もアドバイス。,1
70,MEO,大阪,iphonex_safari,MEO対策で商圏一人勝ちの決定版 - 2ヶ月間 完全無料キャンペーン中 - 毎月先約20店舗の限定価格 - cooboo.co.jp,https://www.cooboo.co.jp/special/meo/,業界最安の成果報酬！700円/日割と初期0円で豊富な料金体系。選ばれ続けてサービス開始9年目。,1
71,MEO,大阪,mac_firefox,【歯科特化】新患増加のMEO対策 - 初心者でも安心。新患1.5倍...,https://umy-game.com/meoup/,黒飛先生推奨のMEO対策。医療従事者が対応するから運用が簡単。医療ガイドラインに掛かりにくい,1
72,MEO,大阪,iphonex_safari,MEOなら - MEOで集客強化しませんか？ - laden.jp,https://laden.jp/,"マップ上であなたのお店を”選ばれる”お店に。実店舗の集客はSNSで効率的に拡大。 検索結果一覧において、表示順位を上げるための施策を実施します。 データベース構築・競合の価格調査・テレアポリスト構築・見込み客リスト構築・SNS用の画像収集・企業リスト構築・検索順位の監視・スタイル: インターネット, ビックデータ, セールス。",1
73,MEO,大阪,mac_firefox,MEO対策はこれ一つで決まり - 上位表示の為の徹底対策ツール,https://freesquare.co.jp/map-lp/,MAP職人は【誰でもMEO対策を可能に】を実現したツールです。今なら2週間無料でお試し,1
74,MEO,大阪,mac_chrome,【MEO】コスパ最強の集客法 - 費用対効果に特化したMEO対策,https://www.dia-neo.com/meo/lp/,プロによる店舗撮影・記事投稿代行など、サービスが手厚い！口コミが増える秘訣もアドバイス。,1
75,MEO,大阪,mac_firefox,MEO対策の販売パートナー大募集 - 月ストック収益500万円超...,https://exkey.jp/meo/partner/,高粗利＆ストック収益で安定経営を実現！信頼性の高いサービスなので受注率が高いサービスです。 営業研修も行うので、知識がない会社様でも安心してスタートできます！ ストック収益で安定経営・営業対象先全国800万件以上・アポ率＆成約率の高い商材。,1
76,MEO,大阪,iphonex_safari,効果的なMEO対策・ローカルSEO - GMB・マップとリアルタイム連携,https://www.yext.co.jp/meo-listings/,"世界150以上の検索エンジンやマップ、SNSと連携し、企業の正しい情報発信を可能にする。 イエクストの検索クラウドサービスで店舗集客を強化。GMB連携で情報更新が簡単！ 検索で正しい情報の発信・構造化データの実装・MEO対策・口コミ一元管理・音声検索の最適化・VSO・サービス: 検索の最適化, 構造化データ実装サービス, サイト内検索。",1
77,MEO,大阪,mac_chrome,【歯科特化】新患増加のMEO対策 - 医療従事者が対応/運用が簡単,https://umy-game.com/meoup/,黒飛先生推奨のMEO対策。医療従事者が対応するから運用が簡単。医療ガイドラインに掛かりにくい。上位表示保証/口コミ対策も。最短10日で新患からの問い合わせが増加。 歯科医院特化・最短10日で新規患者増加・上位表示保証・医療関係者がサポート。,1
78,MEO,大阪,mac_firefox,【初期費用無料】MEOで集客UP - 今なら半額450円で施策可能,https://meo-college.com/lp/,"他社はやってます！「MEO対策」で検索結果で上位表示！スマホのお客様にアピールできます。 事業開始から8年！3,000社以上の上位化実績/完全成果報酬型/全国対応/早いもの勝ちです！ 上位化率90.3%以上・ローカル検索対策・3,000店舗以上の上位化実績。",1
79,MEO,大阪,mac_chrome,MEO対策はこれ一つで決まり - 上位表示の為の徹底対策ツール,https://freesquare.co.jp/map-lp/,MAP職人は【誰でもMEO対策を可能に】を実現したツールです。今なら2週間無料でお試し,1
80,MEO,大阪,mac_chrome,1日500円。格安信頼のMEO対策 - 初月無料、まずは効果を体感,http://meopro.net/,正しい知識で上位化させます。中小企業様からのご依頼多数。ぜひ一度お問い合わせ下さい。 飲食業、医療、美容室、福祉、小売店、教育、エステなど実績多数。自信があります。 表示確認用の自社ツール有・完全成果報酬制で安心・運用担当者が直接ご対応。,1
81,MEO,東京,mac_chrome,MEO対策で商圏一人勝ちの決定版 - 2ヶ月間 完全無料...,https://www.cooboo.co.jp/special/meo/,業界最安の成果報酬！700円/日割と初期0円で豊富な料金体系。選ばれ続けてサービス開始9年目。 まずはMEOの費用対効果をトライアル！ 期間限定キャンペーン開催・初期費用や保証料等なし・9年目の信頼と実績・日割成果700円と月額プラン。,1
82,MEO,東京,mac_firefox,【MEO】コスパ最強の集客法 - 費用対効果に特化したMEO対策,https://www.dia-neo.com/meo/lp/,プロによる店舗撮影・記事投稿代行など、サービスが手厚い！口コミが増える秘訣もアドバイス。 店舗の集客に圧倒的効果を発揮、今すぐ客を取り込める！始めるなら競合の少ない今がチャンス。 上位表示化率87%超・口コミ評価もアップ・来店数が最大10倍に。,1
83,MEO,東京,mac_chrome,【歯科特化】新患増加のMEO対策 - 医療従事者が対応/運用が簡単,https://umy-game.com/meoup/,黒飛先生推奨のMEO対策。医療従事者が対応するから運用が簡単。医療ガイドラインに掛かりにくい。上位表示保証/口コミ対策も。最短10日で新患からの問い合わせが増加。,1
84,MEO,東京,mac_firefox,効果的なMEO対策・ローカルSEO - GMB・マップと...,https://www.yext.co.jp/meo-listings/,世界150以上の検索エンジンやマップ、SNSと連携し、企業の正しい情報発信を可能にする。 イエクストの検索クラウドサービスで店舗集客を強化。GMB連携で情報更新が簡単！ 構造化データの実装・音声検索の最適化・VSO・口コミ一元管理・MEO対策。,1
85,MEO,東京,mac_firefox,MEO対策で商圏一人勝ちの決定版 - 2ヶ月間 完全無料...,https://www.cooboo.co.jp/special/meo/,業界最安の成果報酬！700円/日割と初期0円で豊富な料金体系。選ばれ続けてサービス開始9年目。,1
86,MEO,東京,mac_firefox,【歯科特化】新患増加のMEO対策 - 初心者でも安心。新患1.5倍...,https://umy-game.com/meoup/,黒飛先生推奨のMEO対策。医療従事者が対応するから運用が簡単。医療ガイドラインに掛かりにくい,1
87,MEO,東京,mac_firefox,1日500円。格安信頼のMEO対策 - 初月無料、まずは効果を体感,http://meopro.net/,正しい知識で上位化させます。中小企業様からのご依頼多数。ぜひ一度お問い合わせ下さい。 飲食業、医療、美容室、福祉、小売店、教育、エステなど実績多数。自信があります。 表示確認用の自社ツール有・運用担当者が直接ご対応。,1
88,MEO,東京,mac_chrome,【MEO】コスパ最強の集客法 - 費用対効果に特化した店舗集客,https://www.dia-neo.com/meo/lp/,プロによる店舗撮影・記事投稿代行など、サービスが手厚い！口コミが増える秘訣もアドバイス。,1
89,MEO,東京,mac_firefox,MEO対策の販売パートナー大募集 - 月ストック収益500万円超...,https://exkey.jp/meo/partner/,高粗利＆ストック収益で安定経営を実現！信頼性の高いサービスなので受注率が高いサービスです。 営業研修も行うので、知識がない会社様でも安心してスタートできます！ アポ率＆成約率の高い商材・高粗利商材の代理店募集・ストック収益で安定経営。,1
90,MEO,東京,mac_firefox,今なら半額450円で施策可能 - MEOで圧倒的に集客しよう,https://meo-college.com/lp/,"他社はやってます！「MEO対策」で検索結果で上位表示。お店を繁盛させるにはまず集客！ スマホのお客様にアピール！3,000社以上の上位化実績/完全成果報酬型/全国対応/早いもの勝ち！ ローカル検索対策・上位化率90.3%以上・完全成果報酬プラン・スマホ集客。",1
91,MEO,東京,iphonex_safari,MEOなら - MEOで集客強化しませんか？ - LADEN【公式】 - laden.jp,https://laden.jp/,"マップ上であなたのお店を”選ばれる”お店に。実店舗の集客はSNSで効率的に拡大。 検索結果一覧において、表示順位を上げるための施策を実施します。 SNS用の画像収集・競合の価格調査・テレアポリスト構築・企業リスト構築・検索順位の監視・見込み客リスト構築・データベース構築・スタイル: インターネット, ビックデータ, セールス。",1
92,MEO,東京,mac_chrome,効果的なMEO対策・ローカルSEO - GMB・マップと...,https://www.yext.co.jp/meo-listings/,世界150以上の検索エンジンやマップ、SNSと連携し、企業の正しい情報発信を可能にする。,1
93,MEO,東京,iphonex_safari,MEO対策で商圏一人勝ちの決定版 - 2ヶ月間 完全無料キャンペーン中 - 毎月先約20店舗の限定価格 - cooboo.co.jp,https://www.cooboo.co.jp/special/meo/,"業界最安の成果報酬！700円/日割と初期0円で豊富な料金体系。選ばれ続けてサービス開始9年目。 まずはMEOの費用対効果をトライアル！ 累積実績3,500店舗超・初期費用や保証料等なし・9年目の信頼と実績・日割成果700円と月額プラン・期間限定キャンペーン開催・サービス: MEO成果プラン, MEO月額プラン, プレミアムプラン, コンプリートプラン。",1
94,MEO,東京,mac_chrome,ExKey_圧倒的MEOの実績 - MEO対策サービスの代理店募集中,https://exkey.jp/meo/partner/,営業手法はとてもシンプル！安定したストック収益を積み上げることが可能。貴社の新サービスに。 今話題のMEOの全てを教えます。運用施設1000施設越えのノウハウを全てお教えいたします。 高粗利商材の代理店募集・アポ率＆成約率の高い商材。,1
95,MEO,東京,iphonex_safari,"3,000店舗以上の【MEO】実績 - 今なら半額450円で施策可能",https://meo-college.com/lp/,"検索順位UP&集客力UPで周りのお店に差をつけよう。MEO対策で実績多数。上位化するまで費用0円。費用を抑えて集客するならMEO対策。リスティング広告やSEOよりも安くて効果的です。 3,000店舗以上の上位化実績・SEOより低コスト・スマホ集客・ローカル検索対策・完全成果報酬プラン・上位化率90.3%以上・サービス: 450円/日, 初期費用0円, 登録・運用代行。",1
96,MEO,東京,mac_chrome,MEO対策《上位表示率93%》 - 上位表示されるまで0円にて対策,https://gluma.pro/lp/,"MEO対策で地元密着サービス。 お得なキャンペーン実施中。 完全成果報酬プランもあり。 MEO対策実績数が3,500店舗以上のGluma。店舗集客サービスを検討されているオーナー様必見です。 MEOサービス・GoogleMAP対策・店舗ビジネス・MEO対策。",1
97,MEO,東京,iphonex_safari,上位表示化率87％超 - 【MEO】コスパ最強の集客法,https://www.dia-neo.com/meo/lp/,"プロによる店舗撮影・記事投稿代行など、サービスが手厚い！口コミが増える秘訣もアドバイス。 店舗の集客に圧倒的効果を発揮、今すぐ客を取り込める！始めるなら競合の少ない今がチャンス。 追加料金一切なし・キーワード診断無料・取り扱い案件数800社以上・来店数が最大10倍に・口コミ評価もアップ・プロの店舗写真撮影付き・12キーワード対策可能・即日対応・上位表示化率87%超・サービス: Googleマップ上位表示, MEO対策, 成果報酬, 上位3位以内, 写真撮影, 記事投稿。",1
98,MEO,東京,mac_chrome,【MAP職人】今なら2週間無料 - 店舗集客の為のMEO対策ツール,https://freesquare.co.jp/map-lp/,"MAP職人は【誰でもMEO対策を可能に】を実現したツールです。今なら2週間無料でお試し。施策実績3,000件以上、上位表示率90.3％のノウハウを公開、MEO対策をインハウス化できる。3,000店以上の対策実績・2週間の無料トライアル。",1
99,RPA,北海道,iphonex_safari,IBM 自動化ソフトウェア - 反復作業を自動化 - ガイドを読む,https://www.ibm.com/jp-ja/automation/rpa,"IBM RPAを使用して、価値実現までの時間を短縮。ヒューマンエラーを減らし、スループットを向上。従業員がより価値の高い作業を行うことができるようにし、自動化プラットフォームの価値を拡大。e-bookを読む・お客様事例・ガイドを読む・コンサルティング・サービス: 自動化の推進, 自動化の構築, 自動化の管理, 自動化への変革。",1
100,RPA,北海道,iphonex_safari,RPA - フリーランス専門エージェント,https://www.bigdata-navi.com/lp/rpa/,"RPAエンジニア・コンサルタントなどの求人案件をお探しなら、ビッグデータナビへ！ 最短即日からご紹介可・高単価・エンド元請案件・業界最大級の案件提案・まずは無料相談・継続率90%の安定稼働・フリーランス・個人事業主・オンライン面談にも対応・起業・独立をサポート・先端案件AI/RPA求人・無料講座でスキルアップ・サービス: お仕事紹介, カウンセリング, 無料勉強会, 起業・独立, 副業サポート, オンライン面談。",1
101,RPA,北海道,iphonex_safari,Process Mining & RPA - Download the Data Sheet,https://www.celonis.com/what-is-rpa,"Celonis can help you take a strategic approach to process improvement that includes RPA. Discover how RPA fits into a larger process excellence and Process Mining strategy. Reduce Complexity・Reduce Process Costs・Easy Process Analysis・#1 Process Mining Tool・Boost Efficiency・Unilimited Customization・No Performance Loss・100% Transparency・Market Leader・Great User Experience・Services: Customer Service, Finance, IT, Order Management, Procurement, Production, Opportunity Management, Supply Chain。",1
102,RPA,北海道,mac_chrome,初期費用0円、継続率96%のRPA - DX推進のため...,https://fce-pat.co.jp/lp/robo-pat/,【無料ダウンロード】RPAで自動化する業務の見極め方は？その疑問に答える資料つくりました。現場向けに設計されたRPA・普段のPC操作感で使える・中小企業に選ばれるRPA・1ヶ月単位で契約できる・サポート費用はずっと0円・継続率は96%。,1
103,RPA,北海道,mac_chrome,RPAツールなら《WinAutomation》 - 月額4000円で業務改革を...,http://www.rhodium-rpa.com/,《解約ゼロの実績》月々たったの4000円で導入から運用までしっかりサポート！無料トライアル可能,1
104,RPA,大阪,mac_chrome,初期費用0円、継続率96%のRPA - プログラム知識不要の...,https://fce-pat.co.jp/lp/robo-pat/,【無料ダウンロード】RPAで自動化する業務の見極め方は？その疑問に答える資料つくりました。中小企業に選ばれるRPA・サポート費用はずっと0円・現場向けに設計されたRPA・継続率は96% 1ヶ月単位で契約できる・メールは翌営業日に返信。,1
105,RPA,大阪,mac_chrome,国内初クラウドRPA - 国内初クラウドRPA,https://service.biztex.co.jp/,国内初クラウドRPAだから圧倒的なサービス改善速度。導入実績多数。無料相談会毎週水曜日開催。,1
106,RPA,北海道,mac_chrome,そもそもRPA導入できるかな - リアル事例集50選プレゼント,https://assirobo.com/download/?utm_source=google&utm_medium=cpc&utm_campaign=brand,誰でも簡単に始められて、操作性・使い勝手を考慮し設計された日本製RPAが月額5万円！,1
107,RPA,大阪,mac_chrome,AIとRPAで働き方の未来を - AIとRPAのスペシャル対談企画,https://uipath-today.eventos.tokyo/web/portal/278/event/1507/module/booth/49668/30920,書籍発刊記念スペシャル対談企画。現場が輝くデジタルトランスフォーメーションとは,1
108,RPA,北海道,mac_chrome,Process Mining & RPA - Download the Data Sheet,https://www.celonis.com/what-is-rpa,Celonis can help you take a strategic approach to process improvement that includes RPA. Discover how RPA fits into a larger process excellence and Process Mining strategy. Reduce Process Costs・#1 Process Mining Tool・100's of Happy Customers・Boost Efficiency。,1
109,RPA,大阪,mac_chrome,Process Mining & RPA - Download the Data Sheet,https://www.celonis.com/what-is-rpa,Celonis can help you take a strategic approach to process improvement that includes RPA. Discover how RPA fits into a larger process excellence and Process Mining strategy. Great User Experience・Boost Efficiency・#1 Process Mining Tool・No Performance Loss。,1
110,RPA,大阪,mac_chrome,RPAツール年間ランキング - 2020年で最も選ばれた製品は？,https://it-trend.jp/award/2020/rpa_tool,RPAツールの年間ランキング2020。今、人気の製品にまとめて資料請求！【無料】 利用者数1000万人突破のIT製品比較サイト。気になる製品をリストに追加して資料請求。 IT製品の比較サイト・おかげさまで10周年・今すぐ無料資料請求・ランキングで比較。,1
111,RPA,大阪,iphonex_safari,Process Mining & RPA - Download the Data Sheet,https://www.celonis.com/what-is-rpa,"Celonis can help you take a strategic approach to process improvement that includes RPA. Discover how RPA fits into a larger process excellence and Process Mining strategy. Boost Efficiency・Reduce Complexity・Easy Process Analysis・Reduce Process Costs・Unilimited Customization・No Performance Loss・Great User Experience・Market Leader・Quick Implementation・100% Transparency・Services: Customer Service, Finance, IT, Order Management, Procurement, Production, Opportunity Management, Supply Chain。",1
112,RPA,北海道,mac_firefox,Process Mining & RPA - Download the Data Sheet,https://www.celonis.com/what-is-rpa,Celonis can help you take a strategic approach to process improvement that includes RPA.,1
113,RPA,北海道,mac_firefox,AIとRPAで働き方の未来を - AIとRPAのスペシャル対談企画,https://uipath-today.eventos.tokyo/web/portal/278/event/1507/module/booth/49668/30920,書籍発刊記念スペシャル対談企画。現場が輝くデジタルトランスフォーメーションとは。AIとRPAで働き方の未来を。 現場が輝くデジタルトランスフォーメーションとは。AI連携ならUiPath・業務改善・業務自動化・無償版ですぐに試せる・無料オンラインイベント。,1
114,RPA,北海道,mac_firefox,初期費用0円、継続率96%のRPA - プログラム知識不要の...,https://fce-pat.co.jp/lp/rpa_new2/,【無料ダウンロード】RPAで自動化する業務の見極め方は？その疑問に答える資料つくりました,1
115,RPA,大阪,mac_firefox,Process Mining & RPA - Download the Data Sheet,https://www.celonis.com/what-is-rpa,Celonis can help you take a strategic approach to process improvement that includes RPA. Discover how RPA fits into a larger process excellence and Process Mining strategy. Unilimited Customization・100's of Happy Customers・#1 Process Mining Tool。,1
116,RPA,東京,mac_chrome,初期費用0円、継続率96%のRPA - プログラム知識不要の...,https://fce-pat.co.jp/lp/rpa_new2/,【無料ダウンロード】RPAで自動化する業務の見極め方は？その疑問に答える資料つくりました。継続率は96% メールは翌営業日に返信・現場向けに設計されたRPA・普段のPC操作感で使える・サポート費用はずっと0円・1ヶ月単位で契約できる。,1
117,RPA,東京,mac_chrome,Process Mining & RPA - Download the Data Sheet,https://www.celonis.com/what-is-rpa,Celonis can help you take a strategic approach to process improvement that includes RPA. Discover how RPA fits into a larger process excellence and Process Mining strategy. 100's of Happy Customers・Great User Experience・Reduce Complexity・Unilimited Customization。,1
118,RPA,東京,iphonex_safari,そもそもRPA導入できるかな - リアル事例集50選プレゼント,https://assirobo.com/download/?utm_source=google&utm_medium=cpc&utm_campaign=broad_rpa,誰でも簡単に始められて、操作性・使い勝手を考慮し設計された日本製RPAが月額5万円！ 【RPA検討中の企業様向け】RPAで失敗しないためのリアル事例50選無料配布中。 簡単創作・無償 操作説明会・完全監視下・部署内決済可・無償 導入サポート。,1
119,RPA,東京,iphonex_safari,RPA - フリーランス専門エージェント,https://www.bigdata-navi.com/lp/rpa/,"RPAエンジニア・コンサルタントなどの求人案件をお探しなら、ビッグデータナビへ！ 最短即日からご紹介可・まずは無料相談・高単価・エンド元請案件・業界最大級の案件提案・オンライン面談にも対応・先端案件AI/RPA求人・無料講座でスキルアップ・フリーランス・個人事業主・継続率90%の安定稼働・起業・独立をサポート・サービス: お仕事紹介, カウンセリング, 無料勉強会, 起業・独立, 副業サポート, オンライン面談。",1
120,RPA,東京,iphonex_safari,IBM 自動化ソフトウェア - 反復作業を自動化,https://www.ibm.com/jp-ja/automation/rpa,"IBM RPAを使用して、価値実現までの時間を短縮。ヒューマンエラーを減らし、スループットを向上。従業員がより価値の高い作業を行うことができるようにし、自動化プラットフォームの価値を拡大。e-bookを読む・お客様事例・ガイドを読む・コンサルティング・サービス: 自動化の推進, 自動化の構築, 自動化の管理, 自動化への変革。",1
121,RPA,東京,iphonex_safari,Process Mining & RPA - Download the Data Sheet,https://www.celonis.com/what-is-rpa,"Celonis can help you take a strategic approach to process improvement that includes RPA. Discover how RPA fits into a larger process excellence and Process Mining strategy. Boost Efficiency・Reduce Process Costs・Easy Process Analysis・100's of Happy Customers・No Performance Loss・#1 Process Mining Tool・Quick Implementation・Great User Experience・Unilimited Customization・Market Leader・Services: Customer Service, Finance, IT, Order Management, Procurement, Production, Opportunity Management。",1
